X0,X1,X2,X3,X4,X5,X6,X7,X8,X9
3.239133,11.839208,13.718623,4.736667,5.799409,9.098706,-2.042507,13.932439,12.782965,7.040188
1.50879,11.420446,15.416102,11.184798,-6.31377,11.317544,6.549169,7.997167,2.618243,4.860192
4.182553,14.043452,16.527521,1.567107,7.425849,15.673945,-3.39294,11.781794,11.960919,12.466185
7.215908,14.709628,8.88685,8.057053,6.661233,12.61574,4.502253,17.525624,0.507462,3.666155
-2.860262,10.352435,16.959556,1.085172,10.380055,7.629273,3.42377,17.111292,7.770391,13.055036
1.049034,15.000347,7.469006,7.14744,6.15469,17.692664,-0.483128,13.263676,11.909668,15.64481
0.707724,16.976483,12.17492,0.065328,9.626868,18.523418,10.803086,13.19231,6.972381,10.583852
-1.130056,17.729556,6.25582,-2.396178,3.686179,19.205005,-3.881644,17.578205,4.061851,13.022802
9.596636,18.917758,8.003206,13.257592,1.633084,18.831242,2.43817,17.785948,10.452514,6.545913
7.871057,14.202404,8.606583,1.038666,10.824147,17.462341,2.080023,19.897728,0.914292,10.220282
-1.526539,4.629866,15.549233,4.244179,2.651593,15.11744,0.54723,15.455762,5.340118,15.772789
10.988888,13.852533,11.296762,1.144489,2.68726,16.527728,0.340955,17.985403,12.012431,5.662594
8.08654,10.74432,7.154483,6.049203,5.837423,14.175116,5.698197,18.713433,8.453511,11.691094
7.382113,14.023596,6.771087,10.924191,5.641596,9.879722,5.813165,15.121017,4.502387,13.962783
0.850195,9.743447,5.228922,1.254342,0.991477,6.534288,4.461154,12.896669,14.49035,7.302685
6.150778,12.618243,8.383648,-2.768945,10.052479,11.586862,0.725537,9.441245,11.767897,10.378898
7.637315,15.243096,7.778937,2.471006,0.608711,19.042798,-1.547737,18.105421,8.509139,9.313125
6.170916,29.165811,10.011886,9.377339,-1.17728,18.472265,5.481343,13.842674,8.511849,14.48782
6.200768,12.232262,10.742605,5.200221,3.4568,13.650968,7.800751,9.674655,-4.586487,15.448006
-3.194717,11.098267,8.00696,5.534854,4.749232,16.139185,-7.630301,5.92207,5.54214,12.339841
11.585099,7.900703,14.829584,5.736762,2.270172,10.374367,1.639922,8.314475,5.794155,15.809605
2.917439,20.095343,5.998055,3.676151,6.396913,10.61662,-4.019404,15.692026,2.308939,12.28598
10.715373,22.224303,8.629619,3.142032,0.135787,7.985371,2.528436,16.2914,9.85823,7.29174
6.847623,18.587296,9.175521,9.12229,-1.921122,14.561149,5.287179,19.625254,1.433191,2.954374
2.052958,7.37725,15.457059,5.190996,5.996002,19.353915,7.294328,8.29529,9.546342,0.609128
3.599728,8.963133,11.989681,0.812679,7.221139,17.703394,-6.270241,16.345799,9.565204,10.393792
8.91952,8.167036,14.234224,6.33339,2.811943,18.467264,-1.306076,11.366507,10.992795,0.023485
4.536623,14.30894,7.764116,-2.886805,0.749585,16.563419,5.785887,6.747916,8.387378,0.005621
7.700957,6.980839,13.489125,-5.097312,13.179135,10.321018,-6.068537,8.689485,4.53281,1.353534
2.197964,7.421535,9.241941,0.675548,6.848755,7.537546,-0.120374,4.21497,7.516998,1.492063
3.478026,6.694282,12.478355,0.056748,0.252417,11.17934,-0.311951,1.546373,15.708314,5.574479
10.342491,2.605382,12.39745,3.922805,4.425762,9.708991,-0.385878,11.014881,5.922163,7.341914
4.784349,15.967676,9.125716,-4.110763,4.245256,20.056296,4.827473,6.416563,7.98167,6.710336
6.67719,-0.547865,8.781058,7.397869,1.355382,17.653253,-1.130566,11.472657,5.597434,4.602816
7.434369,3.946003,12.177378,-1.726595,3.871571,10.777742,0.014322,2.562004,3.393439,0.86671
2.825316,9.191672,11.011315,4.954074,-0.508411,9.064523,2.723485,5.349255,12.864553,4.408861
-2.760232,4.955524,17.681666,7.693484,12.852938,13.549496,2.088866,8.299519,12.922434,5.71015
5.443033,2.400258,5.212948,7.981158,4.577526,16.714818,7.41803,4.586655,4.890961,1.745178
-3.65057,0.135089,10.047118,1.393887,0.894445,9.984757,-2.289426,1.929747,11.601102,5.753868
6.756624,8.814095,19.128102,9.700054,-4.074661,11.006388,3.711969,3.610553,8.647421,-5.141241
3.41125,8.070175,10.066243,1.563049,2.853388,13.235706,-2.546251,3.484947,3.493142,-5.47175
0.770052,8.983878,11.38515,1.681586,-2.438661,11.566616,-0.617267,8.576672,4.635758,-7.069543
4.3546,6.11606,13.823839,7.262842,3.18505,15.246529,7.581846,11.658384,11.575256,4.06629
4.741671,0.728822,12.88092,8.522434,2.145643,12.804519,-1.308641,9.529392,0.749882,0.919868
0.414812,4.921974,13.164277,8.299944,5.234147,15.295815,-1.687826,6.483469,8.977574,-1.198368
2.293088,10.739824,4.682538,5.078863,12.475569,6.47075,6.709181,1.191438,4.821627,7.041497
1.605716,8.989641,5.332543,7.750077,7.338668,-0.769759,10.055391,4.588867,12.060755,15.901788
6.186333,15.074538,3.963003,6.909678,19.590724,7.948256,18.379566,-2.62731,10.147651,5.808249
-2.722383,10.018385,2.785103,3.482793,13.378787,3.193657,12.282666,6.546829,3.131153,16.555361
3.723013,16.307263,8.6872,3.842885,20.022421,0.246233,12.37645,-5.77508,10.88887,6.109912
6.328949,9.281674,3.868772,6.163224,19.539051,4.615102,11.854807,10.392439,8.940711,8.134425
4.936429,8.076376,7.372145,11.777551,18.199891,5.732303,13.245578,3.014372,10.063446,3.754269
9.025605,18.113298,6.143792,0.214973,21.896982,0.030177,5.182574,-1.752242,8.369512,14.04036
0.292582,17.25645,7.61232,6.410449,12.553556,5.160111,15.563395,8.299831,5.405108,11.387837
15.293452,4.387158,10.456653,8.398476,14.175291,11.566637,12.69073,-6.833287,11.217084,12.217076
4.737201,16.221125,-0.095537,-2.057194,19.711003,5.914988,10.403972,-1.875541,14.673712,10.050048
10.841527,7.015126,3.239295,2.553212,20.429712,0.60453,8.587287,-0.896858,10.284681,8.219445
9.196443,11.035584,11.580612,4.548522,10.852628,-1.446878,12.647377,7.810393,20.837038,15.332204
10.303444,14.684753,11.775292,6.117788,12.987013,-2.431902,11.23039,9.229942,5.618563,14.057259
4.082759,8.413644,9.784087,5.008887,12.256932,5.018173,6.358403,1.216454,8.212237,8.451968
9.58914,9.074774,7.550186,7.621598,1.271704,1.410799,11.216203,5.202838,7.107272,6.9868
8.113104,8.688213,1.39503,5.817325,10.555964,-0.806746,-0.091851,2.465878,9.613382,13.084446
1.309617,13.134475,-0.364673,11.484465,6.520348,0.826207,4.443027,2.15983,6.447641,4.127768
4.932973,9.920946,9.975102,2.674189,12.719458,1.65335,3.804483,4.342169,8.30927,17.293932
2.751161,11.022802,-0.724821,11.30781,21.478791,4.604973,11.968297,3.835856,11.334886,15.624016
1.087778,12.888211,3.643538,10.247761,14.01086,-0.071276,22.172431,4.972813,13.685792,10.572201
10.695077,12.383829,-1.053558,16.700837,11.745694,17.804729,0.852819,4.225467,1.026213,7.976709
7.859792,15.793418,12.734462,8.965434,-2.012126,15.495362,1.393373,5.692215,4.121416,12.501984
4.486865,11.94404,6.63054,17.102995,11.983878,9.470961,1.036182,-1.20429,4.693352,11.406597
5.730712,18.400523,1.196311,13.498004,10.77449,10.36469,3.522877,0.131976,3.230548,6.316831
7.118698,13.264584,8.153271,22.215459,4.35193,3.062741,7.48991,3.02613,4.367059,7.997973
1.239197,15.481652,5.743817,18.830344,5.989783,14.666868,2.405578,6.111678,6.245434,11.982529
13.484672,12.17451,2.957945,16.104672,3.795186,9.40316,2.215815,2.864939,6.846999,7.421142
-0.004701,18.980324,8.747081,12.559931,10.36277,11.798912,5.583762,1.676793,11.926387,0.082977
9.988985,10.96719,7.842502,13.186743,0.851591,9.056128,3.8392,5.891819,11.765523,11.794092
14.06,16.036063,1.718826,10.243587,5.92676,9.557191,8.918764,6.85984,12.90034,9.836808
6.342599,14.942055,3.985962,19.196813,7.4109,10.590668,6.521644,9.999008,7.084939,2.513313
4.967165,18.234129,1.837962,15.151483,6.596166,18.670507,2.020059,7.217184,3.090216,9.830179
4.79879,13.68182,5.922099,12.847049,11.537031,16.723418,-5.472197,2.803349,1.78683,9.681386
10.485687,19.604051,10.236649,15.290924,11.406248,10.114282,2.99858,0.847395,11.726556,10.916983
12.713975,12.659224,2.956156,20.801543,9.986662,9.97083,6.282432,4.048597,3.260088,10.480176
6.695262,12.774123,8.384503,17.656909,14.098514,9.315294,2.088446,6.578383,-0.529722,14.003271
5.830957,6.76928,5.007708,18.022093,13.271245,8.167731,8.546149,2.741932,0.08567,9.625336
7.966703,8.143617,4.553993,12.562559,13.096467,13.146918,5.431442,10.254815,7.88597,9.176315
8.157353,7.473998,4.559565,21.88822,7.566387,10.485494,1.846604,-0.167935,3.428178,6.553212
1.599621,7.352034,4.555566,19.862153,9.38129,13.540672,2.724459,7.432127,4.131413,10.864844
6.559348,13.702093,2.509258,17.39892,13.284043,10.928463,3.4138,-0.111668,6.366091,6.389274
0.481876,17.785162,1.048909,19.504891,3.675701,14.387669,5.286031,9.340069,1.90427,6.697437
1.919203,14.84461,2.943417,14.209155,11.295417,10.709938,5.162684,2.892559,15.762226,10.685855
7.172129,13.926132,1.9406,12.824657,-0.292555,10.548565,7.21107,4.57631,8.905441,7.154979
6.244074,16.302514,10.648138,13.207353,9.392022,17.890117,3.947098,3.951794,5.753446,3.464716
12.465953,6.605117,3.392201,7.008469,8.080836,5.530275,0.550697,6.124719,15.08644,-3.79795
5.553265,16.599458,5.037464,1.410144,8.169693,6.877893,6.906445,7.618155,7.705475,-0.053396
14.127926,9.304418,1.348622,3.38357,8.272209,5.286007,3.558351,17.537934,15.42236,6.585061
10.217749,8.78226,1.490749,3.714363,11.779225,3.934953,2.995163,9.662771,12.292235,6.249077
8.816268,15.761097,-0.708254,4.537012,12.614436,7.041529,5.824282,10.127004,12.671001,7.244052
6.689906,15.55579,8.580914,3.727532,9.56771,9.289083,0.595624,10.051595,13.068192,4.046748
11.144973,11.379709,-2.985159,2.348112,17.634956,-1.732881,2.485194,15.350855,12.620248,1.922959
9.885205,10.176883,3.719716,0.318788,9.566258,0.405711,4.267297,8.832867,15.542253,-0.555474
12.802037,9.1485,-1.044351,12.881237,11.453198,6.401735,12.83037,10.463549,15.472018,-0.511343
7.920328,14.233252,5.561135,5.537434,12.79474,-0.808597,5.487479,17.97985,8.025419,-0.070676
9.388908,9.114803,1.819965,5.438284,8.992616,5.536078,3.101704,13.026333,10.779014,-0.047171
10.399163,9.540155,3.174577,3.668526,7.727751,7.144114,8.281767,10.398778,6.47576,3.042004
9.974178,20.352421,1.630984,5.36879,13.20901,4.081044,3.433231,6.607337,12.127695,1.61363
9.633453,9.524832,-0.028109,5.718479,8.883992,1.105548,7.069617,11.48514,13.204405,-1.716427
10.720341,10.498797,3.526704,10.461043,8.274497,5.539918,10.052224,10.955086,13.758266,3.324483
10.750227,13.676361,5.404396,8.760851,9.452155,8.226967,8.920967,13.814981,7.87975,2.020847
13.099981,8.227715,8.089223,8.558699,5.389538,1.742605,9.118409,15.642732,10.80403,3.917971
7.885896,11.41367,-1.887524,7.484114,7.05372,5.806277,-1.386898,5.528197,15.273438,4.096668
21.54894,10.592212,11.338562,9.907552,10.306053,-0.934801,7.516366,5.137097,7.984123,10.465605
7.46004,0.88711,18.071782,17.593362,6.001869,9.685306,7.563983,7.539311,7.054848,14.903242
10.707983,7.861153,10.841522,12.622555,16.192432,10.626423,11.577619,12.623351,3.979139,17.090666
9.543402,6.007995,9.179747,5.058007,13.77612,10.586253,18.473057,1.415577,10.326672,6.281656
11.881479,5.792236,13.641038,-0.444901,13.400297,11.889634,8.955246,7.805071,5.353428,11.799482
12.383098,7.874961,13.936673,10.476425,12.219938,14.389933,10.158889,2.595413,-0.997464,4.638304
11.338775,1.758392,13.263781,9.179373,13.966989,7.427169,14.640069,9.557749,7.59718,6.029381
12.347785,10.18937,10.477978,4.889498,18.546294,12.695546,12.492479,6.418208,7.300151,10.135369
16.464548,3.375916,12.060084,10.179147,13.770012,7.760495,9.860072,0.115602,11.821378,12.914704
2.470949,5.190637,3.856213,7.987003,15.544478,17.655278,10.640843,8.47044,8.520857,9.999928
10.17868,7.555565,11.366668,6.03464,20.853466,7.841217,10.437857,7.405598,4.93476,10.106801
12.215951,13.099318,15.363384,8.12964,8.486712,12.884072,17.446804,9.340548,3.110142,4.505342
16.536603,8.736646,13.806973,13.118632,17.113425,11.347666,14.168099,7.40365,7.922406,7.688764
11.294489,6.834165,12.321859,7.483462,15.290059,14.869632,15.578817,3.398317,3.370314,9.602169
12.789178,7.524104,13.578276,13.411529,10.627343,11.440427,13.666212,5.962093,6.007864,13.698552
11.398237,1.428508,11.835593,7.896634,10.129804,17.091095,7.168125,5.564203,8.241716,3.648211
17.632923,8.380133,13.542864,6.247558,17.217531,6.907546,15.098075,0.562464,0.671013,11.954509
9.414313,-3.799815,4.061516,11.49237,6.424042,2.343139,1.06958,-4.604978,9.329762,12.57765
14.500223,8.64313,8.333094,21.899313,7.340686,11.759905,11.698558,0.691492,11.563655,10.090809
9.492659,-2.261551,3.563366,10.686092,9.186454,8.171192,3.917624,4.054553,6.822687,8.725875
7.05913,3.290344,7.3404,19.743766,7.423454,5.583361,15.755041,-4.454298,1.11036,15.885061
14.298715,2.477838,14.107446,19.300533,3.364927,6.989543,8.582664,6.714408,8.83631,7.223008
17.615788,9.139583,6.246018,13.700954,7.648969,7.181133,4.686192,15.211636,7.984968,15.598922
14.429957,-2.286687,2.676462,9.359188,4.015838,12.275156,2.45678,-1.318303,7.129127,12.244171
3.347994,1.896258,4.199418,15.379,7.424654,7.282734,6.168059,5.974759,7.579238,13.192506
10.526378,1.560669,2.824613,12.161896,10.62585,0.894719,4.699993,1.791041,13.765182,10.132076
10.810661,2.421405,9.183899,15.060797,6.342592,1.374996,11.038737,1.475282,5.354309,6.384598
8.065009,-3.288637,-6.362224,9.044021,8.412116,7.702732,-1.346677,-0.060691,7.326055,4.837778
12.989436,6.43598,7.692578,12.794377,2.972678,2.060236,8.437117,-0.863551,5.729591,13.174313
14.921405,8.110342,8.827937,14.09091,6.76524,-1.413518,-0.864893,3.833317,9.950986,9.332588
9.562354,-1.587806,-7.754545,21.960059,4.487609,7.063257,5.641846,10.845019,16.96308,5.194064
8.196742,1.14177,3.153327,13.494093,15.61316,7.114187,6.295724,2.880245,2.490747,8.624877
4.088363,0.421725,4.557898,12.888983,9.892721,13.263354,6.122145,5.5923,5.323717,19.17566
8.49882,-2.612527,10.974248,17.329776,3.243426,8.51494,14.023086,2.471085,5.46553,18.401308
14.063206,-1.026218,5.990598,14.217516,6.693057,1.034872,4.11928,3.807755,11.598916,6.860717
12.322233,4.865745,14.625695,16.664657,14.068372,3.475982,9.406239,4.316966,5.509342,8.590121
7.833099,-2.347192,5.954551,11.577236,14.787393,10.310052,7.168029,4.2552,0.580921,11.228118
11.772437,8.237469,9.723773,11.58684,6.355974,8.487919,5.541621,-3.275483,10.014021,13.816165
5.33813,-4.456325,1.041067,13.159226,14.164278,-1.958439,-1.861877,4.31963,8.473954,0.76861
13.032822,14.39473,15.138688,2.71782,7.21634,7.790581,-1.362654,-2.178428,10.986826,14.68472
23.060809,20.895142,17.477043,4.94124,6.206056,20.07396,6.029618,6.028593,9.816442,8.218849
17.19781,10.816917,12.139559,-4.652084,16.313924,9.083304,4.376333,-0.862094,1.035244,5.56012
21.30041,14.461669,17.359885,16.414533,3.070624,12.75843,-1.07135,-0.363574,7.144448,11.756667
15.693981,13.695333,22.746333,0.615984,6.190306,13.327476,-3.706293,3.733679,7.965198,5.917487
20.879129,23.314367,13.166904,9.317878,12.578289,9.894254,-1.120333,-5.486288,8.119146,12.954728
11.094903,13.782501,18.785769,-6.689696,7.081874,6.44662,7.593785,-2.631399,13.49282,8.898294
7.863365,12.810933,9.989497,7.075413,3.668728,19.84632,3.710811,1.86763,8.631681,14.617335
9.423731,17.889515,15.124868,-2.395306,11.195651,10.048851,-6.394893,-5.171829,-0.203735,14.900379
3.380563,19.680916,7.873548,0.916352,10.352741,16.092788,4.369918,-4.555818,9.580469,15.882773
19.652208,18.454868,8.625477,0.229309,1.333518,10.59507,-1.601729,6.827461,5.51689,12.508332
12.424768,15.589454,15.634669,3.932007,10.826701,8.778463,6.486345,6.855881,4.074963,14.086731
13.084428,14.50609,12.678333,2.91586,9.260443,11.407056,4.103551,8.911127,5.906931,12.779015
16.254297,16.418899,15.383074,-3.821622,10.140153,12.803222,-0.548314,2.573468,-2.308003,10.761322
10.03001,10.01793,13.804145,-0.797202,3.3828,10.910163,5.597029,1.783347,11.846063,14.95049
10.166348,16.024479,8.642146,11.304608,14.92726,15.136335,2.959491,5.494309,11.245654,14.084351
14.106244,14.272474,15.020053,-0.51398,2.739642,9.94004,-2.189734,6.346305,3.078908,9.204103
12.618124,18.035991,8.58198,0.674744,12.678168,15.45464,5.100621,-4.237778,15.64542,17.289549
7.469471,-3.302436,-1.978263,6.682711,11.711753,10.085557,6.31359,7.489088,8.210568,1.998115
1.846906,5.759351,1.055662,16.831228,9.194778,15.995377,-4.085403,11.622791,5.173119,8.657702
-3.374578,0.144444,5.079646,8.664873,2.302735,14.61648,-6.313274,6.206503,2.732351,-0.291854
7.093914,0.213499,9.552058,11.792772,0.695304,17.916443,4.032121,8.398178,3.259031,4.628051
-1.327952,9.47061,4.831482,15.244304,9.307924,14.775959,-4.730109,4.682935,-2.208872,10.627292
-1.143119,4.280907,5.775352,10.331594,7.519184,8.748522,0.923408,8.219725,12.525294,13.580313
0.66332,6.296266,6.593949,8.505167,8.719688,15.70714,-1.356519,10.596092,1.307933,-0.061618
1.134048,-1.932743,1.952035,12.731667,3.926523,11.508881,4.172673,10.483552,1.413764,1.637842
-0.606338,-0.055523,5.24687,6.383846,9.512499,16.843009,3.543741,7.116874,2.926983,12.103173
2.827101,3.060105,5.777927,8.715912,5.991496,10.169982,-2.427513,7.591124,7.845512,7.081822
16.347406,4.259014,1.391309,4.447719,13.205776,20.903417,6.733102,5.610667,1.340542,10.423769
4.12057,8.862993,6.204361,13.597349,13.114928,14.68474,-4.217841,5.730635,8.991829,-1.219358
7.42014,3.436077,9.92403,19.06151,10.390838,10.895644,5.065132,1.81189,-8.422229,8.365076
2.850681,5.118529,2.535689,9.451918,6.723747,12.977381,1.033074,5.791157,7.197075,8.412428
-7.096307,10.942465,10.107111,12.661901,1.360045,12.594483,5.579063,7.42867,8.590349,8.766659
0.705545,5.268943,0.5618,11.385639,-0.635795,8.8075,-1.449612,7.930084,7.182225,0.016316
5.984923,2.590681,7.178982,9.543371,9.650593,17.369375,-2.043237,3.476163,13.056922,11.049013
6.027107,5.381889,6.345262,20.540526,4.153181,18.607716,5.795206,5.198968,8.481955,9.565283
6.325149,5.297927,-5.087231,9.451909,4.995054,5.370189,-5.315144,14.914219,5.612571,9.459097
3.884217,4.418932,12.093332,10.776519,5.800934,18.464627,2.013228,7.306568,9.612513,1.765761
7.608092,7.554956,11.066956,12.851987,2.730172,14.864512,2.145268,7.277831,10.638671,10.324079
4.066148,9.843728,-0.186603,14.874978,13.182206,18.042907,-2.781542,7.75791,8.735344,5.127971
8.471116,-9.705716,-0.017151,9.13627,1.158163,18.251113,7.320851,3.880647,8.0135,6.726531
1.196646,9.694714,8.183643,15.589258,4.240432,7.409662,-1.546533,8.693266,9.359736,4.222343
-3.336224,2.21621,-0.335313,13.449687,4.771397,21.29502,-9.625973,7.624522,1.35328,15.863412
4.397105,9.264373,-7.214319,8.05446,4.871051,10.274907,7.683354,13.80201,2.895319,3.41175
6.853314,3.904239,-7.833798,3.874847,4.815968,7.470253,10.623698,14.095523,9.532472,9.873172
1.015656,12.562991,-8.925925,1.46116,0.649164,10.371053,5.335294,0.66768,0.520338,12.608795
4.040804,11.967156,3.98936,11.929585,-5.372858,9.038958,14.908819,3.348772,9.851158,9.426972
5.532341,1.163195,4.349352,4.272482,-2.323743,13.396804,15.224774,5.964665,8.089737,4.086392
1.686213,13.037135,9.605165,1.285028,-1.998277,12.644539,9.565758,0.647943,6.834728,10.478384
2.320994,18.980974,7.320856,-3.337558,6.670891,11.98923,10.558118,2.942961,10.6106,10.382785
-3.529531,12.366045,-1.872996,8.562395,6.087913,11.09553,7.625893,5.210727,6.126201,10.715087
1.240741,11.72974,9.917057,0.385801,-8.373672,11.339508,4.332908,1.004557,2.90883,9.45368
8.096553,12.600147,-0.430089,0.802479,10.18329,13.785846,17.299964,10.530993,7.46582,9.15991
5.073058,11.967604,-4.232794,1.969523,5.016666,6.139832,4.014494,9.85003,12.657219,5.294964
5.095421,2.090788,6.666234,11.341204,2.036025,12.9223,13.643832,9.784619,2.634478,4.741058
12.815529,4.218537,1.387242,3.630466,-0.892946,8.681539,14.051839,10.222294,0.733734,13.81258
7.771293,11.401506,0.733295,-1.568918,-5.777837,13.953687,12.076572,3.478632,10.779622,8.373742
4.014785,4.51916,9.35196,4.249823,5.980712,11.99017,10.402916,7.661596,1.553488,5.863108
4.775495,8.270753,-2.485486,6.662343,7.081271,11.263817,9.389446,10.409824,7.662544,11.273079
2.074433,5.062824,6.031349,4.990817,7.634384,12.056389,8.864783,9.660738,4.597015,4.957171
0.969345,8.665902,3.853208,-0.261343,6.066344,11.31496,9.372262,4.598346,10.029445,8.284397
0.78797,5.591839,9.770167,-4.886219,8.802853,12.538436,6.032026,2.243902,9.593566,13.337075
2.671463,5.264694,4.664333,2.405538,9.980323,8.608017,20.448048,3.467793,7.519354,5.673418
7.402973,-2.913337,2.359767,3.708309,6.575554,5.369468,11.493633,3.183872,4.40564,10.03299
4.010002,3.042043,-2.389095,4.262214,6.897735,13.445549,6.960088,5.554309,8.659652,12.650765
8.275479,7.604709,11.885853,-1.270136,10.275283,6.075146,18.11094,-0.577725,3.111064,11.224968
-0.735828,10.815094,4.201935,5.811789,8.572956,15.811998,9.08149,10.478409,6.327645,10.29805
-0.250283,2.728463,-2.35414,-1.96783,5.540728,9.115587,10.295329,1.691352,12.091009,13.914728
9.344289,5.965589,9.573645,2.63131,8.220347,10.396474,14.702412,5.25185,8.70393,7.639588
8.290151,9.471481,11.411863,2.778307,3.134377,12.227015,14.22258,-1.962534,8.601851,12.024316
13.5223,10.848391,8.131257,-0.894838,0.069849,13.134968,10.775124,3.163045,7.096355,9.635467
10.429825,17.332962,12.056412,2.503183,8.633146,8.564962,2.069466,-5.425151,11.063726,8.173165
7.062145,10.314608,12.431066,6.55682,10.305403,12.508195,1.379359,2.962411,14.073689,4.476346
5.224566,10.12912,15.944268,6.49831,6.830671,10.276391,10.284003,1.742594,17.285533,11.499383
11.35212,17.11664,11.461556,4.040215,9.012192,10.688107,1.284671,1.012469,7.957086,3.903261
13.080713,12.271904,8.402879,8.787536,1.616089,5.333898,6.970751,-2.026268,5.978898,9.9236
13.314507,9.107784,1.598088,4.50659,9.874366,13.072393,11.321322,6.000546,9.082466,11.149094
-0.98761,9.780668,11.851341,10.406597,4.455385,16.24411,6.402463,-6.573524,2.531769,14.447879
10.201469,12.873277,6.582759,4.915195,15.645496,12.653552,11.326827,5.344964,12.318143,9.915736
10.322912,4.17025,16.387491,4.954815,7.568422,10.461311,14.351234,5.721928,6.412603,7.013729
7.140653,4.165839,20.272609,5.370201,9.200584,6.763369,6.498777,0.749368,16.647397,17.03048
11.956962,15.217433,10.288103,-5.306151,7.004371,11.293742,4.182062,3.897133,13.943281,10.922527
8.426704,7.057937,8.966379,16.329752,2.385542,13.751089,5.40649,6.807348,7.592779,4.304676
9.427661,9.029065,12.441542,5.391926,15.574979,4.580472,14.616169,-0.805859,9.424925,8.209982
7.682012,11.045201,8.330141,0.665222,-2.46338,6.343392,10.640799,-6.488792,8.836561,10.41247
0.25875,9.468069,12.916034,5.656585,5.979212,7.934272,3.072619,-1.141008,13.247111,5.224257
6.293862,13.387491,16.734906,1.71196,6.682486,8.913713,5.533362,-2.423928,8.93856,9.492895
5.288246,10.571334,-1.930626,16.174778,7.795376,20.188994,7.240478,0.2138,7.271044,14.172237
8.673211,-0.343809,8.720536,1.714262,9.006787,19.74335,13.01691,-2.933408,13.41228,8.26659
13.674967,10.063301,3.498934,6.629062,6.661753,3.407558,10.05685,3.200212,4.733341,11.664347
4.738217,8.462212,7.075762,2.904309,12.763332,15.862044,4.946565,3.554539,14.4945,10.955385
6.910798,8.373712,12.217101,6.818969,11.639596,13.983597,10.831415,4.466639,12.804031,1.79659
-2.391034,11.354827,12.769421,7.834435,7.036227,18.872219,7.864384,4.747573,6.369223,6.44186
7.996855,15.601756,13.008463,9.908003,6.996389,12.769396,11.620665,-2.695939,6.600962,0.986843
9.492263,2.680128,5.917572,11.10913,20.747674,19.67164,9.900711,-0.96593,2.930216,11.115793
3.785133,12.719302,9.306297,2.913243,8.330897,5.905148,16.361899,-8.672223,9.1118,6.136299
5.667339,-0.282657,12.73564,-4.084951,14.471441,16.571196,4.421169,5.194462,13.795456,2.309158
-5.215295,4.442257,9.813567,5.532231,9.03237,10.965058,10.40294,1.203619,7.517215,13.672408
-7.399384,2.399191,13.266134,4.891871,14.926871,10.593774,6.367205,-3.953037,18.999981,7.380018
8.56644,4.694462,16.278763,-0.869231,11.173613,9.538593,6.250678,4.062479,6.731562,14.235465
-1.89038,-0.26575,7.481921,7.171043,13.120359,9.782217,7.032363,-5.23109,15.185358,5.477556
7.811753,1.388498,17.465519,5.113088,6.223323,23.237914,2.731591,7.027866,12.817646,13.940628
2.210638,11.934644,9.162812,1.654713,15.872211,2.577118,10.882918,7.639651,12.443064,11.328097
1.473318,3.305885,7.989887,2.828299,15.746081,7.03123,-2.984008,-2.49054,7.157662,15.713709
6.294169,6.599362,9.310501,7.579849,12.25624,14.699724,7.558578,-3.289865,3.67801,15.33043
1.946771,9.027607,15.763443,-6.384712,8.286121,14.953606,6.965941,4.948847,9.512416,16.249676
1.16847,6.74505,11.443064,2.660388,10.837015,18.704024,13.802853,-2.100263,11.971987,6.221885
11.777173,1.590992,10.819459,-0.659403,18.636936,10.564894,4.412448,4.455544,6.309596,6.843414
-3.336723,3.915567,4.764922,1.62411,8.942195,13.050923,6.715833,3.884719,7.077549,12.426589
-5.094141,18.306286,13.76667,3.39106,11.409055,12.445519,2.29551,7.076806,11.837624,7.42389
-3.346228,8.983274,18.807774,-5.389167,6.906064,3.897908,8.035696,8.108973,16.669731,8.375827
3.647837,6.231101,8.000213,0.247182,16.923774,7.042907,0.316546,-4.140805,9.221815,2.23651
1.11885,9.197524,2.201374,11.605586,4.629824,21.757177,16.844928,7.035037,15.899567,20.215559
-2.301597,3.023408,7.001034,23.550331,3.998189,18.109206,15.258538,12.639107,13.065374,17.265293
7.111492,14.126244,-6.208847,9.182003,-6.323376,10.714595,17.817573,5.308645,8.248677,10.374715
4.319712,7.086427,8.764605,2.537338,-2.401042,2.694071,14.306046,17.641075,13.956939,14.874967
3.372765,8.210577,7.450276,6.702043,-1.271833,11.797405,11.997349,17.307716,11.626306,17.663947
4.453122,7.724815,0.250956,1.214368,-1.533048,22.023129,5.248725,18.718358,14.29947,12.568352
8.246946,7.114057,-7.030176,16.587279,-1.081683,2.857435,15.581824,10.24555,9.057088,14.374271
-0.063419,-0.907265,-3.223795,13.900351,-4.268434,10.826784,14.922296,3.229233,8.065529,8.772927
-0.286353,6.623629,-0.407183,13.413007,4.36022,13.317109,9.494972,10.463061,13.399702,18.126083
4.007418,14.282615,1.84859,10.833829,6.759841,10.38815,14.216427,8.894594,14.724605,7.720072
6.384533,1.680787,-7.139187,-1.23454,-4.758244,12.176128,5.665653,14.840045,22.534908,11.784857
6.529482,6.497344,-5.280829,9.0222,0.60772,9.714012,12.650753,8.300381,16.50104,7.486146
10.781251,12.249687,14.897962,7.544267,-0.206296,-1.897216,0.841498,12.407457,15.885633,4.27514
8.487774,24.286138,13.222166,8.52618,-6.090995,-1.464643,6.560541,11.912975,5.827522,2.998221
7.98897,21.045607,15.953145,-3.001624,0.652998,4.448281,8.944407,13.001017,17.650963,-2.807076
12.633936,11.800518,4.085037,-1.986341,5.48117,-0.873449,-2.746413,20.485969,16.196019,6.889986
8.443815,16.468777,18.069285,10.325431,3.651561,-4.522598,0.506405,14.806562,17.552218,1.349141
15.665268,21.60405,26.206013,-0.105294,6.897183,1.323216,5.0403,18.00865,15.779408,-1.047765
15.226622,11.719782,14.967515,-1.367837,-2.754917,7.700537,-2.434299,7.064608,11.399127,5.913959
3.432656,12.016595,6.737545,9.809121,5.99757,0.860913,0.674965,11.198004,14.901552,1.589867
6.365837,10.100839,12.504315,1.939569,2.828572,6.973343,3.615789,14.939573,6.78737,1.336391
9.668431,13.20267,13.526469,3.837188,12.099468,2.848342,-2.875115,16.843825,17.745869,3.912798
4.382594,14.963302,17.879024,-0.218085,0.731813,-0.267288,9.760452,10.008751,20.246894,5.204847
8.436825,8.405896,13.735076,-3.893994,7.384189,0.377982,6.547138,9.833221,12.946631,5.394298
12.469595,20.138928,6.213545,7.455595,6.94733,3.432451,-3.673401,15.322505,18.80061,4.048688
12.92431,15.766626,10.269455,2.045762,5.582221,0.035117,5.324734,10.162123,21.346867,4.762877
7.610444,15.680166,5.186141,5.991835,0.731679,-5.226488,0.861538,16.318971,19.014522,3.725571
13.753861,16.235493,18.3143,7.508102,-0.63647,-0.602744,2.28852,12.261407,18.955783,10.017213
10.874645,13.597064,17.549939,7.669765,3.772874,8.778741,1.766893,13.813902,12.03318,-0.307372
12.059009,15.373864,15.521794,13.901665,0.393679,2.225437,-0.419068,15.334783,8.808393,-1.547482
14.045601,9.241028,15.382704,5.327725,5.282253,-4.564456,9.99392,20.967249,15.817505,2.746013
22.847968,17.928782,10.082156,-1.127439,-6.291394,1.818438,8.179562,15.282597,15.605602,5.82486
17.481028,14.676057,10.985657,1.493893,4.742688,-3.237679,9.191589,8.988639,22.794956,-2.199532
17.742688,9.985645,15.006559,-1.932416,3.545802,-0.650441,2.310068,10.231171,18.636545,-0.445147
5.025136,13.171873,17.956308,7.506901,-5.601677,2.598212,-1.30724,19.514177,14.779299,-1.692454
18.025137,16.676309,16.232998,4.739447,8.445997,6.429746,1.288953,10.142737,17.365416,-0.348214
12.112325,23.801502,17.018112,7.011018,4.070348,3.097184,-7.702864,17.106072,14.368884,-3.374877
4.739064,9.821173,10.69186,-3.313721,1.193629,15.781286,4.675639,4.38003,-1.591752,8.301473
7.803426,19.924528,13.573766,-4.091248,-0.796688,12.653659,0.322445,3.504882,6.767037,12.361134
1.141497,20.907291,6.63022,4.185427,5.80195,17.080994,0.988617,5.208954,3.900357,14.496186
5.259707,11.217381,13.593159,0.473405,1.660977,14.981573,7.61399,8.825817,7.209271,21.161005
11.147694,14.089864,17.38815,-2.736771,6.338747,14.947492,-6.436259,0.818182,3.82446,8.48808
6.051174,15.487392,18.007603,1.325194,7.980372,14.150261,6.34763,4.141551,1.891783,7.120392
9.469274,13.119039,9.316746,3.694202,10.631466,18.05787,-0.814201,8.023053,6.184125,13.234851
2.231859,22.315384,11.673453,5.442273,4.016362,14.943082,1.491561,3.49602,12.88117,6.487549
5.116723,18.150133,6.774092,0.015831,1.163294,10.101025,-0.613882,7.242923,12.597736,7.837137
0.541709,9.706327,12.670984,-1.858336,12.740025,10.715341,-0.744691,0.668781,3.990092,7.924587
4.331269,7.981938,1.621083,-2.574927,2.213137,16.022907,-4.149337,10.166601,0.729347,1.501799
4.716771,11.014825,26.047831,-0.461721,-1.853101,15.480262,1.320346,9.108391,8.804426,12.5207
2.513311,9.593058,9.943544,-0.292095,5.223147,12.040078,-3.772429,9.799213,10.875214,14.398517
2.189549,15.056095,16.246908,-0.442911,7.090487,14.332378,2.381653,12.907758,5.660849,4.000597
4.563675,9.125128,13.170978,-1.130127,4.447194,16.447627,-3.137862,3.736254,15.58181,19.48101
1.668344,16.258195,11.799782,9.116776,-4.206367,14.301191,0.851912,5.598426,6.242296,14.299344
3.216201,22.856417,16.982761,4.278018,3.504805,14.703838,0.268803,3.814641,-1.097655,8.763536
-1.052015,8.258416,18.474776,9.805633,5.713929,7.202947,8.418134,5.043269,0.189207,15.358947
8.200164,12.610883,10.450346,-3.168124,5.652902,8.246358,10.249892,7.608187,10.020146,8.424088
0.070962,15.106512,11.657277,1.015522,10.290901,7.975365,-1.297961,3.867711,6.79932,8.113289
6.824729,9.715279,19.105142,0.873216,8.283196,9.810141,-4.362719,12.927409,7.25061,17.420381
1.390736,15.853511,9.530186,3.965989,3.528866,7.844956,5.796911,7.681565,5.797346,14.364954
4.979376,5.376122,5.839568,6.787064,5.542206,16.84867,-0.937037,7.552636,10.26806,8.648968
11.623246,10.839586,12.555792,0.209276,1.098979,4.362536,0.83193,6.018515,7.863591,12.969438
1.748181,6.413253,16.272312,-1.870081,7.029622,19.214388,4.050516,4.69657,5.070723,12.130662
5.237219,20.585005,10.462658,7.205808,9.201696,7.843727,0.452583,-1.816182,5.097628,7.591145
